year,edr,planning.region,total.earnings,farm.earnings,index.farm.earnings,index.total.earnings,pct.farm.earnings
2001,EDR 4 - West Central,Northwest,3176752000,131420000,0,0,0.041369297949603874
2001,EDR 6W- Upper Minnesota Valley,Southwest,735495000,69955000,0,0,0.09511281517889313
2001,EDR 8 - Southwest,Southwest,2118582000,196999000,0,0,0.09298625212524227
2001,EDR 9 - South Central,Southwest,4146182000,157931000,0,0,0.03809070610021461
2002,EDR 4 - West Central,Northwest,3384095000,125318000,-0.04643128899710851,0.06526886581011045,0.03703146631521869
2002,EDR 6W- Upper Minnesota Valley,Southwest,786127000,80018000,0.14384961761132156,0.06884071271728563,0.10178762464589054
2002,EDR 8 - Southwest,Southwest,2182569000,180974000,-0.08134559058675425,0.03020274881972942,0.08291788255033403
2002,EDR 9 - South Central,Southwest,4368470000,166779000,0.05602446638088786,0.05361269717537725,0.03817789752476267
2003,EDR 4 - West Central,Northwest,3678311000,250013000,0.9023968954497033,0.15788421633164942,0.0679695110065462
2003,EDR 6W- Upper Minnesota Valley,Southwest,802019000,93185000,0.33207061682510186,0.09044792962562628,0.11618802048330526
2003,EDR 8 - Southwest,Southwest,2349751000,258070000,0.31000664977994813,0.10911496463200386,0.10982865844083053
2003,EDR 9 - South Central,Southwest,4594111000,263180000,0.6664239446340491,0.1080340901581262,0.05728638250142411
2004,EDR 4 - West Central,Northwest,3881569000,251411000,0.9130345457312433,0.22186717754486343,0.06477045751344367
2004,EDR 6W- Upper Minnesota Valley,Southwest,926848000,157888000,1.256993781716818,0.2601690018287004,0.17034939925424666
2004,EDR 8 - Southwest,Southwest,2701845000,449585000,1.2821689450200255,0.2753082014290691,0.1663992568041468
2004,EDR 9 - South Central,Southwest,5031349000,496682000,2.144930380989166,0.21348966350247048,0.09871746126138338
2005,EDR 4 - West Central,Northwest,3962196000,264020000,1.0089788464465075,0.24724750311009483,0.0666347651655799
2005,EDR 6W- Upper Minnesota Valley,Southwest,998890000,199090000,1.845972410835537,0.35811936179035886,0.19931123547137322
2005,EDR 8 - Southwest,Southwest,2882916000,569507000,1.8909131518434104,0.36077621730006204,0.19754547132139819
2005,EDR 9 - South Central,Southwest,5228338000,575989000,2.6470927177058337,0.2610006024819943,0.11016674897453071
2006,EDR 4 - West Central,Northwest,4048564000,259180000,0.9721503576320195,0.2744350204233758,0.06401776037133167
2006,EDR 6W- Upper Minnesota Valley,Southwest,1006816000,155878000,1.2282610249446073,0.3688957776735396,0.15482272828401614
2006,EDR 8 - Southwest,Southwest,2814171000,432560000,1.1957471865339417,0.3283276266861514,0.15370778819055417
2006,EDR 9 - South Central,Southwest,5371909000,489665000,2.100499585261918,0.2956278812652218,0.0911528843843036
2007,EDR 4 - West Central,Northwest,4247866000,285483000,1.1722949322781921,0.3371726845532796,0.06720621601528862
2007,EDR 6W- Upper Minnesota Valley,Southwest,1024402000,147599000,1.109913515831606,0.39280620534469984,0.14408308457031516
2007,EDR 8 - Southwest,Southwest,2915102000,489579000,1.4851852039858071,0.3759684543718393,0.16794575284158153
2007,EDR 9 - South Central,Southwest,5385000000,452415000,1.8646370883487093,0.29878524387014366,0.08401392757660167
2008,EDR 4 - West Central,Northwest,4677570000,482221000,2.6693121290518946,0.4724378862435595,0.10309220385798609
2008,EDR 6W- Upper Minnesota Valley,Southwest,1104237000,232403000,2.322178543349296,0.5013521505924582,0.21046478246970532
2008,EDR 8 - Southwest,Southwest,3221448000,684784000,2.47607855877441,0.520568002560203,0.2125702479133607
2008,EDR 9 - South Central,Southwest,5598219000,642934000,3.0709803648428746,0.350210627512251,0.11484616804022851
2009,EDR 4 - West Central,Northwest,4457212000,173851000,0.32286562167097854,0.40307206857822075,0.03900442698260707
2009,EDR 6W- Upper Minnesota Valley,Southwest,1028547000,187341000,1.6780215853048388,0.3984418656822956,0.18214140919180163
2009,EDR 8 - Southwest,Southwest,3068204000,473006000,1.4010578733902204,0.44823471548422483,0.15416380397131352
2009,EDR 9 - South Central,Southwest,5196878000,407388000,1.5795315675833117,0.25341289890313545,0.0783909108507069
2010,EDR 4 - West Central,Northwest,4820407000,311411000,1.3695860599604321,0.5174011065390058,0.06460263625042449
2010,EDR 6W- Upper Minnesota Valley,Southwest,1103995000,225860000,2.22864698734901,0.501023120483484,0.20458425989248138
2010,EDR 8 - Southwest,Southwest,3325474000,642288000,2.260361727724506,0.5696697130439133,0.19314178971178245
2010,EDR 9 - South Central,Southwest,5507184000,534867000,2.3867131848718746,0.3282542830970758,0.0971216868730008
2011,EDR 4 - West Central,Northwest,5122517000,378365000,1.879051894688784,0.6125013850624789,0.07386310284572994
2011,EDR 6W- Upper Minnesota Valley,Southwest,1238769000,265707000,2.7982560217282537,0.6842656986111394,0.21449277468196248
2011,EDR 8 - Southwest,Southwest,3699836000,874592000,3.439575835410332,0.7463737537654903,0.23638669389670244
2011,EDR 9 - South Central,Southwest,6002138000,812239000,4.142999157860078,0.44763013297534937,0.13532494587761895
2012,EDR 4 - West Central,Northwest,5870562000,784853000,4.972097093288693,0.847976171888772,0.13369299225525597
2012,EDR 6W- Upper Minnesota Valley,Southwest,1426160000,417118000,4.962661711099993,0.939047852126799,0.2924762999943905
2012,EDR 8 - Southwest,Southwest,3872452000,963115000,3.888933446362672,0.8278508927197531,0.24870934488019478
2012,EDR 9 - South Central,Southwest,6435525000,971119000,5.149008111137142,0.5521569000106604,0.15089973234506898
2013,EDR 4 - West Central,Northwest,5851269000,706894000,4.378892101658804,0.8419029877056817,0.12081037463839041
2013,EDR 6W- Upper Minnesota Valley,Southwest,1466664000,474598000,5.784332785362018,0.9941182468949483,0.32359013380024326
2013,EDR 8 - Southwest,Southwest,4158265000,1149231000,4.83368951111427,0.9627585809753882,0.2763727179484713
2013,EDR 9 - South Central,Southwest,6505083000,935246000,4.9218646117608325,0.5689332981523725,0.14377157063176596
2014,EDR 4 - West Central,Northwest,5637300000,389986000,1.967478313803074,0.7745483437171048,0.06917957178081706
2014,EDR 6W- Upper Minnesota Valley,Southwest,1285005000,224531000,2.209649060110071,0.7471294842249098,0.1747316158302886
2014,EDR 8 - Southwest,Southwest,3977786000,790487000,3.0126447342372296,0.8775699972906407,0.19872537134979107
2014,EDR 9 - South Central,Southwest,6518317000,625751000,2.9621796860654337,0.5721251503190163,0.09599885982838821
2015,EDR 4 - West Central,Northwest,5745995000,296050000,1.252701263125856,0.8087641087500692,0.0515228433021609
2015,EDR 6W- Upper Minnesota Valley,Southwest,1324505000,208269000,1.9771853334286327,0.8008348119293809,0.15724289451530948
2015,EDR 8 - Southwest,Southwest,4051685000,758112000,2.848303798496439,0.9124513471746668,0.18711030102290777
2015,EDR 9 - South Central,Southwest,6581487000,478992000,2.032919439502061,0.587360853913311,0.07277868967909532
2016,EDR 4 - West Central,Northwest,5777310000,164411000,0.2510348500989195,0.8186216613698519,0.028458054007834094
2016,EDR 6W- Upper Minnesota Valley,Southwest,1183607000,96921000,0.38547637767136017,0.6092658685647081,0.08188613281266502
2016,EDR 8 - Southwest,Southwest,3560373000,312222000,0.5848912938644358,0.680545289254794,0.08769362086500487
2016,EDR 9 - South Central,Southwest,6323860000,104237000,-0.3399839170270561,0.5252248936491452,0.016483128975024748
2017,EDR 4 - West Central,Northwest,5801629000,159363000,0.21262364936843708,0.8262769646481689,0.02746866440442848
2017,EDR 6W- Upper Minnesota Valley,Southwest,1124669000,45754000,-0.345950968479737,0.5291320811154393,0.040682191827106466
2017,EDR 8 - Southwest,Southwest,3666607000,368728000,0.8717252371839451,0.7306892062709869,0.10056381826576996
2017,EDR 9 - South Central,Southwest,6665171000,332042000,1.1024498040283415,0.6075442419073741,0.04981747655086419
2018,EDR 4 - West Central,Northwest,6101348000,230130000,0.7511033328260539,0.9206245876291256,0.03771789447184458
2018,EDR 6W- Upper Minnesota Valley,Southwest,1238363000,113197000,0.618140233006933,0.6837136894200504,0.09140857729114969
2018,EDR 8 - Southwest,Southwest,3762882000,385797000,0.9583703470575993,0.7761323375729615,0.10252699925216895
2018,EDR 9 - South Central,Southwest,6722815000,186968000,0.1838587737682912,0.6214471530675691,0.027810969065785687
